Mod,Zone,Estuary,Site,Panel,Plate,Bare space,Amphipod tubes,Balanus variegatus - alive,Balanus trigonus - alive,Megabalanus coccopoma,Amphibalanus amphitrite - alive,Balanus variegatus - dead,Balanus trigonus - dead,Amphibalanus amphitrite - dead,Watersipora subtorquata,Schizoporella errata,Bugala neritina,Bugula stolonifera,Bugula flabellata,Beania magellanica,Celleporaria sp.,Celleporaria nodulosa,Tricellaria sp.,Fenestrulina mutabilis,Microporella sp.,Conopeum sp.,Tubulipora sp.,Bowerbankia sp.,Criptosula sp.,Crisia eburnea,Membranipora sp.,Aetea anguina,Celleporina sp.,Disporella sp.,Bryozoan 90,Bugula sp. (91),Bryozoan 20,Cyclostomata 1,Smittina sp.,Chaperiopsis sp.,Red filamentous algae,Branching algae,Green filamentous algae,Green flat algae (spongy),Padina,Foliose green algae,Ulva,Colpamenia,Green feather,Coralline algae,Sycon sponge,White sponge,Sponge 1 (beige),Finger sponge,Beehive sponge,Spirorbid,Spirorbid scar,Salmacina,Hydroides elegans - live,Hydroides elegans - dead,Pomatocerus sp. - live,Pomatocerus - dead,Galeolaria caespitosa,Branchioma,Sabella sp. ,Sabellid tubes,Polychaete 3,Polychaete 5,Polychaete 6,Didemnid blue,Didemnid white,Didemnid pale,Didemnid pink,Didemnid orange,Diplosoma listerianum,Ascidian 1,Ascidian 3,Perophora sp. (japonica?),Botrylloides sp.,Herdmania momus,Styela plicata,Ascidiella-like,Green solitary ascidian,Ascidian 2,Ascidian 5,Hydroid,Anemone recruit,Oyster 1,Oyster Scar,Bivalve,Bivalve Scar,Egg jelly,Scallop,As,log.Cu.Zn,Fe,Mn,Zn,Temperature,Salinity,pH,DO,Chorophyll,log.Turbidity,Total,Richness
Modified,Inner,JAK,JAK9,1,3,3,0,2,0,0,0,6,0,0,1,15,0,0,0,0,1,0,0,0,0,0,0,0,0,0,0,0,0,0,0,0,0,0,0,0,0,0,0,0,0,0,0,0,0,0,0,0,0,0,0,0,0,0,16,0,0,0,0,0,0,0,0,0,0,0,0,0,0,0,1,0,0,0,0,2,0,0,0,0,0,0,0,0,0,0,0,0,0,3.787375415,2.567694485,122.9900332,16.44518272,1815.647841,24.125,35.7,7.995,96.15,2.15,0.342422681,44,8
Modified,Inner,JAK,JAK9,1,5,3,1,11,0,0,0,17,0,0,1,8,0,0,0,0,0,1,0,0,0,0,0,0,0,0,0,0,0,0,0,0,0,0,0,0,0,0,0,0,0,0,0,0,0,0,0,0,0,0,0,0,0,0,3,0,0,0,0,0,0,0,0,0,0,0,0,0,0,0,0,0,0,0,0,0,0,0,0,0,0,0,0,0,0,0,0,0,0,3.787375415,2.567694485,122.9900332,16.44518272,1815.647841,24.125,35.7,7.995,96.15,2.15,0.342422681,42,7
Modified,Outer,JAK,JAK3,4,28,2,0,42,1,0,0,3,0,0,0,0,0,0,0,0,0,0,0,0,0,0,0,0,0,0,0,0,0,0,0,0,0,0,0,0,0,0,1,0,0,0,0,0,0,0,0,0,0,0,0,0,0,0,1,0,0,0,0,0,0,0,0,0,0,0,0,0,0,0,0,0,0,0,0,0,0,0,0,0,0,0,0,0,0,0,0,0,0,5.960912052,2.287086529,77.68729642,11.04234528,1076.286645,22.515,36.3,8.085,104.2,3.15,0.897627091,48,5
Modified,Outer,JAK,JAK3,4,32,4,0,39,0,0,0,2,0,0,0,1,1,0,0,0,0,0,0,0,0,0,0,0,0,0,0,0,0,0,0,0,0,0,0,0,0,0,0,0,0,0,0,0,0,0,0,0,0,0,0,0,0,0,1,0,0,0,0,0,0,0,0,0,0,0,0,0,0,0,1,0,0,0,0,0,0,0,0,0,0,0,0,0,0,0,0,0,0,5.960912052,2.287086529,77.68729642,11.04234528,1076.286645,22.515,36.3,8.085,104.2,3.15,0.897627091,45,6
Modified,Outer,JAK,JAK1,5,34,1,0,38,1,0,0,2,0,0,0,0,0,0,0,0,0,0,0,0,0,0,0,0,0,0,0,0,0,0,0,0,0,0,0,0,0,0,1,0,0,1,0,0,0,0,0,0,0,0,0,0,0,0,3,0,0,0,0,0,0,0,0,0,0,0,0,0,0,0,1,0,0,0,0,0,0,0,0,0,0,1,0,0,0,0,0,0,0,3.409090909,2.178902236,67.11038961,1.948051948,1113.701299,22.475,36.275,8.14,102,0.35,-0.602059991,48,8
Modified,Outer,JAK,JAK1,5,37,2,0,32,2,0,1,4,1,0,0,1,0,0,0,0,0,0,0,0,0,0,0,0,0,0,0,0,0,0,0,0,0,0,0,0,0,0,0,0,0,0,0,0,0,0,0,0,0,0,0,0,0,0,3,0,0,0,0,0,0,1,0,0,0,0,0,0,0,0,0,0,0,0,0,0,0,0,0,0,0,0,0,1,0,0,0,0,0,3.409090909,2.178902236,67.11038961,1.948051948,1113.701299,22.475,36.275,8.14,102,0.35,-0.602059991,46,9
Modified,Outer,JAK,JAK5,6,43,1,0,34,7,0,0,2,1,0,0,0,0,0,0,0,0,0,0,0,0,0,0,0,0,0,0,0,0,0,0,0,0,0,0,0,0,0,0,0,0,0,0,0,0,0,0,0,0,0,0,0,0,0,1,0,0,0,0,0,0,0,0,0,0,0,0,0,0,0,3,0,0,0,0,0,0,0,0,0,0,0,0,0,0,0,0,0,0,5.570032573,2.198961397,78.76221498,9.381107492,963.029316,22.865,36.21,8.1,101,1.5,-0.522878745,48,6
Modified,Outer,JAK,JAK5,6,46,2,0,4,2,0,0,3,0,0,0,0,0,0,0,0,0,0,0,0,0,0,0,0,0,0,0,0,0,0,0,0,0,0,0,0,0,0,0,0,0,0,0,0,0,0,0,0,0,0,0,0,0,0,1,0,0,0,0,0,0,0,0,0,0,0,0,0,0,0,1,0,0,0,0,0,0,0,0,0,0,0,0,0,0,0,0,0,0,5.570032573,2.198961397,78.76221498,9.381107492,963.029316,22.865,36.21,8.1,101,1.5,-0.522878745,11,5
Modified,Inner,JAK,JAK12,7,51,16,0,1,0,0,0,0,0,0,0,9,0,0,0,0,0,0,0,0,0,0,0,0,0,0,0,0,0,0,0,0,0,0,0,0,0,0,1,0,0,0,0,0,0,0,0,0,0,0,0,0,0,0,19,0,0,0,0,0,0,0,0,0,0,0,0,0,0,0,0,0,0,1,0,0,0,0,0,0,0,0,0,1,0,0,0,0,0,4.421764706,2.579559445,101.372549,2.843137255,1899.705882,24.495,35.66,7.965,94.1,3.25,0.653212514,32,6
Modified,Inner,JAK,JAK12,7,54,5,0,1,0,0,0,2,0,0,0,14,0,0,0,0,0,0,0,0,0,0,0,0,13,0,0,0,0,0,0,0,0,0,0,0,0,0,0,0,0,0,0,0,0,0,0,0,0,0,0,0,0,1,9,0,0,0,0,0,0,2,0,0,0,0,0,0,0,0,0,0,0,0,0,1,0,0,0,0,0,0,0,1,0,0,0,0,0,4.421764706,2.579559445,101.372549,2.843137255,1899.705882,24.495,35.66,7.965,94.1,3.25,0.653212514,44,9
Modified,Inner,JAK,JAK13,8,59,10,0,0,0,0,0,0,0,0,1,6,0,0,0,0,0,0,0,0,0,0,0,0,0,0,0,0,0,0,0,0,0,0,0,0,0,0,0,0,0,0,0,0,0,0,0,0,0,0,0,0,0,1,21,0,0,0,0,0,0,0,0,0,0,0,0,0,0,0,10,0,0,0,0,0,0,0,0,0,0,1,0,2,0,0,0,0,0,4.653465347,2.444384946,96.23762376,19.30693069,1528.415842,24.86,35.52,7.96,95.85,5.1,0.886490725,42,7
Modified,Inner,JAK,JAK13,8,63,4,0,0,0,0,0,0,0,0,1,12,0,0,0,0,0,0,0,0,0,0,0,0,0,0,0,0,0,0,0,0,0,0,0,0,0,0,0,0,0,0,0,0,0,0,0,0,0,0,0,0,0,1,24,1,0,0,0,0,0,0,0,0,0,0,0,0,0,0,6,0,0,0,0,0,0,0,0,0,0,1,0,1,1,0,0,0,0,4.653465347,2.444384946,96.23762376,19.30693069,1528.415842,24.86,35.52,7.96,95.85,5.1,0.886490725,48,9
Modified,Inner,JAK,JAK11,9,66,4,0,0,0,0,0,0,0,0,0,28,0,0,0,0,1,0,0,0,1,0,0,0,0,0,0,0,0,0,0,0,0,0,0,0,0,0,0,0,0,0,0,0,0,0,0,0,0,0,0,0,0,0,12,0,0,0,0,0,0,0,0,0,0,0,0,0,0,0,0,0,2,0,0,0,0,0,0,0,0,0,0,0,1,0,0,0,0,7.3,2.617943435,94.7,19.5,2096.7,24.665,35.55,7.945,95.45,3.5,0.491361694,45,6
Modified,Inner,JAK,JAK11,9,72,14,0,0,0,0,0,0,0,0,0,1,0,0,0,0,0,0,0,0,0,0,0,0,0,0,0,0,0,0,0,0,0,0,0,0,0,0,0,0,0,0,0,0,0,0,0,1,0,0,0,0,0,0,18,0,0,0,0,0,1,2,0,0,0,0,0,0,0,0,0,0,0,0,0,0,0,0,0,1,0,0,0,10,0,0,0,0,0,7.3,2.617943435,94.7,19.5,2096.7,24.665,35.55,7.945,95.45,3.5,0.491361694,34,7
Modified,Inner,JAK,JAK14,10,76,6,1,6,0,0,0,4,0,0,2,2,1,0,0,0,9,0,1,0,0,0,0,1,0,0,0,0,0,0,0,0,0,0,0,0,0,0,0,0,0,0,0,0,0,0,0,0,0,0,0,0,0,0,10,0,0,0,0,0,1,0,0,0,0,0,0,0,0,0,4,0,0,0,0,0,0,0,0,0,0,0,0,0,0,0,0,0,0,5.919732441,2.553996614,131.5384615,15.05016722,1643.177258,24.005,35.79,8.025,96.4,3.5,0.484299839,42,12
Modified,Inner,JAK,JAK14,10,79,1,2,6,0,0,0,12,0,0,0,10,0,0,0,0,2,0,0,0,0,0,0,0,0,0,0,0,0,0,0,0,0,0,0,0,0,0,0,0,0,0,0,0,0,0,0,0,0,0,0,0,0,0,10,0,1,0,0,0,0,1,0,0,0,0,0,0,0,0,2,0,0,0,0,3,1,0,0,0,0,0,0,0,0,0,0,0,0,5.919732441,2.553996614,131.5384615,15.05016722,1643.177258,24.005,35.79,8.025,96.4,3.5,0.484299839,50,11
Modified,Outer,JAK,JAK2,11,85,8,0,17,5,0,1,4,0,0,0,0,0,0,0,0,0,0,0,0,0,0,0,0,0,0,0,0,0,0,0,0,0,0,0,0,0,0,0,0,0,0,0,0,0,0,0,0,0,0,0,0,0,0,8,1,1,0,0,0,0,0,0,0,0,0,0,0,0,0,0,0,0,0,0,0,0,0,0,0,0,0,0,0,0,0,0,0,0,8.456601942,2.065981958,87.2815534,17.08737864,1007.475728,22.49,36.345,8.155,103.85,1.6,-0.522878745,37,7
Modified,Outer,JAK,JAK2,11,86,1,0,35,4,1,0,3,0,0,0,0,0,0,0,0,0,0,0,0,0,0,0,0,0,0,0,0,0,0,0,0,0,0,0,0,0,0,0,0,0,0,0,1,0,0,0,0,0,0,0,0,0,0,1,0,0,0,0,0,0,0,0,0,0,0,0,0,0,0,0,0,0,0,0,0,0,0,0,0,0,0,0,0,0,0,0,0,0,8.456601942,2.065981958,87.2815534,17.08737864,1007.475728,22.49,36.345,8.155,103.85,1.6,-0.522878745,45,6
Modified,Inner,JAK,JAK10,12,92,2,0,13,0,0,0,0,0,0,0,0,0,0,0,0,0,0,0,0,0,0,0,0,0,0,0,0,0,0,0,0,0,0,0,0,0,0,0,0,0,0,0,0,0,0,0,0,0,0,0,0,0,1,11,2,0,0,0,0,0,0,0,0,0,0,0,0,0,0,9,0,0,0,0,1,0,0,0,0,0,0,0,0,0,0,0,0,0,0.3,2.431846046,129.9,5.1,1650.7,25.17,35.49,7.715,88.35,11.5,0.835690571,37,6
Modified,Inner,JAK,JAK10,12,96,1,0,2,0,0,0,4,0,0,0,0,0,0,0,0,0,0,0,0,0,0,0,0,0,0,1,0,0,0,0,0,0,0,0,0,0,0,0,0,0,0,0,0,0,0,1,0,0,0,0,0,0,0,39,0,0,0,0,0,0,0,0,0,0,0,0,0,0,0,1,0,0,0,0,0,0,0,0,0,0,0,0,2,0,0,0,0,0,0.3,2.431846046,129.9,5.1,1650.7,25.17,35.49,7.715,88.35,11.5,0.835690571,50,7
Modified,Inner,JAK,JAK8,14,106,20,0,1,0,0,0,5,0,0,0,2,0,0,0,0,0,0,0,0,0,0,0,0,6,0,0,0,0,0,0,0,0,0,0,0,0,0,1,0,0,0,0,5,0,0,1,0,0,0,0,2,0,1,3,0,0,0,0,0,0,0,0,0,0,0,0,0,0,0,0,0,0,0,0,0,0,0,0,0,0,0,0,1,0,0,0,0,0,7,2.31386722,93,18.4,1145.7,23.845,35.82,7.995,97.5,2.5,0.748188027,28,11
Pristine,Inner,JER,JER10,15,113,17,2,4,0,0,0,0,0,0,2,0,0,0,0,0,0,0,0,0,0,0,0,0,0,0,0,1,0,0,0,0,0,0,0,0,0,6,1,1,0,0,0,1,0,0,0,0,0,0,0,0,0,0,2,0,0,0,0,0,0,0,0,0,0,0,0,0,0,0,2,0,0,0,0,0,0,0,0,0,0,7,0,0,0,0,0,0,0,3.289036545,1.608149168,68.67109635,8.571428571,593.3222591,25.44,32.975,7.79,101.25,5.5,0.694605199,29,11
Pristine,Inner,JER,JER10,15,116,1,1,35,0,0,0,5,0,0,1,0,0,0,0,0,0,0,0,0,0,0,0,2,0,0,0,0,0,0,0,0,0,0,0,0,0,0,1,0,0,0,0,0,0,0,0,0,0,0,0,0,0,0,0,0,0,0,0,0,0,0,0,0,0,0,0,0,0,0,1,0,0,0,0,0,0,0,0,0,0,5,0,0,0,0,0,0,0,3.289036545,1.608149168,68.67109635,8.571428571,593.3222591,25.44,32.975,7.79,101.25,5.5,0.694605199,51,8
Modified,Inner,JAK,JAK8,14,117,19,0,8,0,0,0,1,0,0,1,6,0,0,0,0,0,0,0,0,0,0,0,8,0,0,0,0,0,0,0,0,0,0,0,0,0,0,0,0,0,0,0,0,0,0,0,0,0,0,0,2,0,0,0,0,0,0,0,0,0,0,0,0,0,1,0,0,0,0,0,0,0,0,0,0,0,0,0,0,0,2,0,0,0,0,0,0,0,7,2.31386722,93,18.4,1145.7,23.845,35.82,7.995,97.5,2.5,0.748188027,29,8
Pristine,Inner,JER,JER14,16,123,34,1,6,0,0,0,1,0,0,0,0,0,0,0,0,0,0,0,0,0,0,0,0,0,0,0,0,0,0,0,0,0,0,0,0,0,0,1,0,0,0,0,0,0,0,0,0,0,0,0,1,0,0,0,0,0,0,0,0,0,0,0,0,0,0,0,0,0,0,0,0,0,0,0,0,0,0,0,0,0,2,0,0,0,0,0,0,0,8.402282958,1.625834976,94.05144695,5.112540193,922.2829582,22.7,36.655,8.08,111.5,1.7,0.146128036,12,6
Pristine,Inner,JER,JER14,16,126,20,0,18,0,0,0,3,0,0,0,0,0,0,0,0,0,0,0,0,0,0,0,1,0,0,0,0,0,0,0,0,0,0,0,0,0,0,0,0,0,0,0,0,0,1,0,0,0,1,0,1,0,0,0,0,0,0,0,0,0,2,0,0,0,0,0,0,0,0,0,0,0,0,0,1,0,0,0,0,1,0,0,0,0,0,0,0,0,8.402282958,1.625834976,94.05144695,5.112540193,922.2829582,22.7,36.655,8.08,111.5,1.7,0.146128036,29,9
Pristine,Inner,JER,JER15,17,131,6,4,34,0,0,0,1,0,0,1,0,0,0,0,0,0,0,0,0,0,0,0,0,0,0,0,0,0,0,0,0,0,0,0,0,0,0,0,1,0,0,0,0,0,0,0,0,0,0,0,0,0,0,1,0,0,0,0,0,0,0,0,0,0,0,0,0,0,0,0,0,0,0,0,2,0,0,0,0,0,0,0,0,0,0,0,0,0,6.887076412,1.844891871,175.8139535,15.14950166,1199.700997,23.95,35.255,8.075,115.9,1.65,0.146128036,44,7
Pristine,Inner,JER,JER15,17,135,9,1,9,0,0,0,1,0,0,0,0,2,0,0,0,0,0,0,0,0,0,0,1,0,0,0,0,0,0,0,0,0,0,0,0,0,0,0,0,0,0,0,0,0,0,0,0,0,0,0,1,0,0,2,0,0,0,0,0,0,0,0,0,0,0,0,1,0,0,5,6,0,0,0,0,9,0,0,1,0,0,0,2,0,0,0,0,0,6.887076412,1.844891871,175.8139535,15.14950166,1199.700997,23.95,35.255,8.075,115.9,1.65,0.146128036,41,13
Pristine,Outer,JER,JER6,18,137,13,0,0,25,0,0,0,0,0,0,0,0,0,0,0,0,0,0,0,0,0,0,0,0,0,0,0,0,0,0,0,0,0,0,0,0,0,1,0,0,0,0,1,0,1,0,0,0,0,0,0,0,0,2,0,0,0,0,0,0,0,0,0,0,0,0,0,0,0,3,0,0,0,0,0,0,0,0,0,0,1,0,0,0,0,0,0,0,3.6,0.77815125,109.1,2,746.5,20.56,36.875,8.12,119.85,0.95,0.021189299,34,7
Pristine,Outer,JER,JER5,19,149,29,0,4,2,0,0,0,0,0,0,0,0,0,0,0,0,0,0,0,0,0,0,0,0,0,0,0,0,0,0,0,0,0,0,0,0,0,0,0,0,0,0,0,0,0,0,0,0,0,0,0,0,0,6,1,0,0,0,0,0,0,0,0,0,0,0,0,0,0,0,0,0,0,0,0,0,0,0,0,0,7,0,0,0,0,0,0,0,1.52027027,1.563336746,145.3378378,2.635135135,1129.459459,21.015,36.71,8.205,102.8,0.75,-0.259637311,20,5
Pristine,Inner,JER,JER12,20,156,11,2,28,0,0,0,0,0,0,0,0,0,0,0,0,0,0,0,0,0,0,0,4,0,0,0,0,0,0,0,0,0,0,0,0,0,0,0,0,0,0,0,0,0,0,0,0,0,0,0,0,0,0,0,0,0,0,0,0,0,0,0,0,0,0,0,0,0,0,1,0,0,0,0,0,0,0,0,0,0,2,0,0,0,0,0,0,0,0,1.847787179,201.4715719,8.428093645,1345.183946,26.4,30.255,7.61,93.6,6.6,0.934498451,37,5
Pristine,Outer,JER,JER3,22,171,15,0,2,2,0,0,0,0,0,0,0,0,0,0,0,0,0,0,0,0,0,0,0,0,0,0,0,0,0,0,0,0,0,0,0,0,0,0,0,0,0,0,0,1,0,1,0,0,1,0,0,0,0,23,0,0,0,0,0,0,2,0,0,0,0,0,0,0,0,0,0,0,0,0,0,0,0,0,0,0,0,0,1,0,0,0,0,0,NA,NA,NA,NA,NA,20.27,36.875,8.205,130.95,3,0.33243846,33,8
Pristine,Outer,JER,JER3,22,176,17,0,9,0,0,0,0,1,0,0,0,0,0,0,0,0,0,0,0,0,0,0,0,0,0,0,0,0,0,0,0,0,0,0,0,0,0,0,0,0,0,0,0,0,0,1,0,0,0,0,0,0,0,20,0,1,0,0,0,0,0,0,0,0,0,0,0,0,0,0,0,0,0,1,0,0,0,0,0,0,0,0,0,0,0,0,0,0,NA,NA,NA,NA,NA,20.27,36.875,8.205,130.95,3,0.33243846,33,6
Pristine,Outer,JER,JER4,23,178,40,0,0,1,0,0,1,0,0,0,0,0,0,0,0,0,0,0,0,0,0,0,0,0,0,0,0,0,0,0,0,0,0,0,0,0,0,0,0,0,0,0,0,0,0,0,0,0,0,0,1,0,0,1,0,1,1,0,0,0,0,0,0,0,0,0,0,0,0,0,0,0,0,0,0,0,0,0,0,0,2,0,0,0,0,0,0,0,0,1.315177647,103.6092715,1.78807947,898.9072848,20.385,36.705,8.105,136.85,1.45,-0.455931956,8,7
Pristine,Outer,JER,JER4,23,184,34,0,2,0,0,0,0,0,0,0,0,0,0,0,0,0,0,0,0,0,0,0,1,0,0,0,0,0,0,0,0,0,0,0,0,0,0,1,0,0,0,0,0,0,0,0,1,0,0,0,1,0,0,2,0,0,0,0,0,0,0,0,0,0,0,0,0,0,0,0,0,0,0,0,0,0,0,0,0,0,9,0,0,0,0,0,0,0,0,1.315177647,103.6092715,1.78807947,898.9072848,20.385,36.705,8.105,136.85,1.45,-0.455931956,17,7
Pristine,Outer,JER,JER5,24,187,37,0,0,1,0,0,0,0,0,0,0,0,0,0,0,0,0,0,0,0,0,0,0,0,0,0,0,0,0,0,0,0,0,0,0,0,0,0,0,0,0,0,0,0,0,0,0,0,0,0,0,0,0,9,0,0,0,0,0,0,0,0,0,0,0,0,0,0,0,0,0,0,0,0,0,0,0,0,0,0,0,0,0,0,0,0,0,0,1.52027027,1.563336746,145.3378378,2.635135135,1129.459459,21.015,36.71,8.205,102.8,0.75,-0.259637311,10,2
Pristine,Outer,JER,JER5,24,191,44,0,1,1,0,0,0,0,0,0,0,0,0,0,0,0,0,0,0,0,0,0,0,0,0,0,0,0,0,0,0,0,0,0,0,0,0,0,0,0,0,0,0,0,0,0,0,0,0,0,0,0,0,2,0,0,0,0,0,0,0,0,0,0,0,0,0,0,0,0,0,0,0,0,0,0,0,0,0,0,0,0,0,0,0,0,0,0,1.52027027,1.563336746,145.3378378,2.635135135,1129.459459,21.015,36.71,8.205,102.8,0.75,-0.259637311,4,3
Pristine,Inner,JER,JER13,26,202,11,0,23,0,0,0,6,0,0,0,0,0,0,0,0,0,0,0,0,0,0,0,4,0,0,0,0,0,0,0,0,0,0,0,0,0,0,1,0,0,0,0,0,0,0,0,0,0,0,0,0,0,0,0,0,0,0,0,0,0,0,0,0,0,0,0,0,0,0,0,0,0,0,0,0,0,0,0,0,0,3,0,0,0,0,0,0,0,6.445643564,0.250951131,111.2871287,3.168316832,590.7920792,23.615,36.385,8.09,108.35,1.9,0.176091259,37,5
Pristine,Inner,JER,JER13,26,206,4,0,30,0,0,0,4,0,0,1,0,0,0,0,0,0,0,0,0,0,0,0,0,0,0,0,0,0,0,0,0,0,0,0,0,0,1,1,0,0,0,0,0,0,0,0,0,0,0,0,0,0,0,1,0,0,0,0,0,0,0,0,0,0,0,0,0,0,0,0,0,0,1,0,0,0,0,0,0,0,3,0,0,0,0,0,0,0,6.445643564,0.250951131,111.2871287,3.168316832,590.7920792,23.615,36.385,8.09,108.35,1.9,0.176091259,42,8
Pristine,Inner,JER,JER9,29,225,7,0,37,0,0,0,0,0,0,0,0,0,0,0,0,2,0,0,0,0,0,0,0,0,0,0,0,0,0,0,0,0,0,0,0,0,0,0,0,0,0,0,0,0,0,0,0,0,0,0,1,0,0,1,0,0,0,0,0,0,0,0,0,0,0,0,0,0,0,0,0,0,0,0,2,0,0,0,0,0,0,0,0,0,0,0,0,0,6.819210526,1.648424213,141.5131579,15.29605263,802.7960526,24.98,34.335,7.96,109.15,4.5,0.596597096,43,5
Pristine,Outer,JER,JER6,30,236,19,0,0,19,0,2,0,0,0,0,0,0,0,0,1,0,0,0,0,0,0,0,0,0,0,0,0,0,0,0,0,0,0,0,0,0,0,0,0,0,0,0,0,0,1,0,0,0,0,0,0,0,0,5,0,0,0,0,0,0,1,0,0,0,0,0,0,0,0,0,0,0,0,0,0,0,0,0,0,0,0,0,0,0,0,0,0,0,3.6,0.77815125,109.1,2,746.5,20.56,36.875,8.12,119.85,0.95,0.021189299,29,6
Pristine,Outer,JER,JER6,30,239,18,0,0,20,0,0,0,0,0,0,0,0,0,0,0,0,0,0,0,0,0,1,0,0,0,0,2,0,0,0,0,0,0,0,0,0,0,1,0,0,0,0,1,0,0,1,1,0,0,0,0,0,0,3,0,0,0,0,0,0,0,0,0,0,0,0,0,0,0,0,0,0,0,0,0,0,0,0,1,0,1,0,0,0,0,0,0,0,3.6,0.77815125,109.1,2,746.5,20.56,36.875,8.12,119.85,0.95,0.021189299,32,10
Pristine,Outer,JER,JER7,32,253,1,0,33,1,0,0,0,0,0,0,0,0,0,0,0,0,0,0,0,0,0,0,0,0,0,0,0,0,0,0,0,0,0,0,0,0,0,0,0,0,0,0,0,0,0,0,0,0,0,0,0,0,0,9,0,0,0,0,0,0,0,0,0,0,0,0,0,0,0,0,0,0,0,1,0,0,0,0,0,1,0,0,3,0,0,0,0,0,NA,NA,NA,NA,NA,20.785,36.825,8.105,107.55,3.4,0.638489257,48,6
Pristine,Outer,JER,JER4,36,284,33,0,6,1,0,0,0,0,0,0,0,0,0,0,0,0,0,0,0,0,0,0,1,0,0,0,0,0,0,0,0,0,0,0,0,0,0,1,0,0,0,0,1,0,0,0,0,0,0,0,0,0,0,1,0,1,0,0,0,0,0,0,0,0,0,0,0,0,0,0,0,0,0,0,0,0,0,0,0,0,2,0,0,0,0,0,0,0,0,1.315177647,103.6092715,1.78807947,898.9072848,20.385,36.705,8.105,136.85,1.45,-0.455931956,14,8
Pristine,Outer,JER,JER4,36,287,28,0,4,2,0,0,0,0,0,0,0,0,0,0,0,0,0,0,0,0,0,0,0,0,0,0,0,0,0,0,0,0,0,0,0,0,0,2,0,0,0,0,1,0,1,0,0,0,0,0,1,0,0,5,0,1,0,0,0,0,0,0,0,0,0,0,0,0,0,0,0,0,0,0,0,0,0,0,0,0,2,0,0,0,0,0,0,0,0,1.315177647,103.6092715,1.78807947,898.9072848,20.385,36.705,8.105,136.85,1.45,-0.455931956,19,9
Pristine,Inner,JER,JER11,37,292,0,0,42,0,0,0,1,0,0,1,0,0,0,0,0,0,0,0,0,0,0,0,0,0,0,0,0,0,0,0,0,0,0,0,0,0,0,0,0,0,0,0,0,0,0,0,0,0,0,0,0,0,0,0,0,0,0,0,0,0,0,0,0,0,0,0,0,0,0,2,0,0,0,0,1,1,0,0,0,0,0,0,0,0,0,0,0,0,5.41,1.875061263,105.8,6.1,1165.7,26.19,30.4,7.665,91.4,5.9,0.67669361,48,6
Pristine,Inner,JER,JER11,37,293,0,0,45,0,0,0,0,0,0,0,0,0,0,0,0,0,0,0,0,0,0,0,0,0,0,0,0,0,0,0,0,0,0,0,0,0,0,0,0,0,0,0,0,0,0,0,0,0,0,0,0,0,0,0,0,0,0,0,0,0,0,0,0,0,0,0,0,0,0,1,0,0,0,0,0,2,0,0,0,0,0,0,0,0,0,0,0,0,5.41,1.875061263,105.8,6.1,1165.7,26.19,30.4,7.665,91.4,5.9,0.67669361,48,3
Modified,Outer,BOT,BOT4,38,300,0,1,46,0,0,0,2,0,0,0,0,0,0,0,0,0,0,0,0,0,0,0,0,0,0,0,0,0,0,0,0,0,0,0,0,0,0,0,0,0,0,0,0,0,0,0,0,0,0,0,0,0,0,0,0,0,0,0,0,0,0,0,0,0,0,0,0,0,0,0,0,0,0,0,0,0,0,0,0,0,0,0,0,0,0,0,0,0,6.566291391,1.719748234,76.88741722,15.79470199,1051.688742,21.215,33.26,8.13,103.85,2.9,0.041392685,49,3
Modified,Outer,BOT,BOT4,38,302,4,2,36,1,0,1,1,0,0,0,0,0,0,0,0,0,0,0,0,0,0,0,0,0,0,0,0,0,0,0,0,0,0,0,0,0,0,0,0,0,0,0,0,0,0,0,0,0,0,0,0,0,0,0,0,0,0,0,0,0,0,0,0,0,0,0,0,0,0,0,0,0,0,0,0,0,0,0,0,0,0,0,0,0,0,0,0,0,6.566291391,1.719748234,76.88741722,15.79470199,1051.688742,21.215,33.26,8.13,103.85,2.9,0.041392685,41,5
Modified,Outer,BOT,BOT7,39,306,3,6,25,9,0,1,1,0,0,0,0,0,0,0,0,0,0,0,0,0,0,0,0,0,0,0,0,0,0,0,0,0,0,0,0,0,0,0,0,0,0,0,0,0,0,0,0,0,0,0,0,0,0,0,0,0,0,0,0,0,0,0,0,0,0,0,0,0,0,0,0,0,0,0,0,0,0,0,0,0,4,0,0,0,0,0,0,0,4.684385382,2.418840644,78.13953488,13.8538206,1321.295681,21.44,33.275,8.15,104.65,2.1,0.146128036,46,6
Modified,Outer,BOT,BOT7,39,309,1,1,34,10,0,0,2,0,0,0,0,0,0,0,0,0,0,0,0,0,0,0,0,0,0,0,0,0,0,0,0,0,0,0,0,0,0,0,0,0,0,0,0,0,0,0,0,0,0,0,0,0,0,0,0,0,0,0,0,0,0,0,0,0,0,0,0,0,0,0,0,0,0,0,0,0,0,0,0,0,0,0,0,0,0,0,0,0,4.684385382,2.418840644,78.13953488,13.8538206,1321.295681,21.44,33.275,8.15,104.65,2.1,0.146128036,47,4
Modified,Outer,BOT,BOT1,40,313,0,0,49,0,0,0,0,0,0,0,0,0,0,0,0,0,0,0,0,0,0,0,0,0,0,0,0,0,0,0,0,0,0,0,0,0,0,0,0,0,0,0,0,0,0,0,0,0,0,0,0,0,0,0,0,0,0,0,0,0,0,0,0,0,0,0,0,0,0,0,0,0,0,0,0,0,0,0,0,0,0,0,0,0,0,0,0,0,4.71,1.978180517,111.8,10.3,1384.7,21.29,32.71,8.135,102.6,1.65,0.041392685,49,1
Modified,Outer,BOT,BOT1,40,318,0,1,48,0,0,0,1,0,0,0,0,0,0,0,0,0,0,0,0,0,0,0,0,0,0,0,0,0,0,0,0,0,0,0,0,0,0,0,0,0,0,0,0,0,0,0,0,0,0,0,0,0,0,0,0,0,0,0,0,0,0,0,0,0,0,0,0,0,0,0,0,0,0,0,0,0,0,0,0,0,0,0,0,0,0,0,0,0,4.71,1.978180517,111.8,10.3,1384.7,21.29,32.71,8.135,102.6,1.65,0.041392685,50,3
Modified,Outer,BOT,BOT2,43,337,0,1,36,0,0,0,11,0,0,0,0,0,0,0,0,0,0,1,0,0,0,0,0,0,0,0,0,0,0,0,0,0,0,0,0,0,0,1,0,0,0,0,0,0,0,0,0,0,0,0,0,0,0,0,0,0,0,0,0,0,0,0,0,0,0,0,0,0,0,0,0,0,0,0,0,0,0,0,0,0,0,0,0,0,0,0,0,0,0.897009967,2.258864705,114.717608,7.375415282,1653.887043,22.755,32.16,8.05,95.65,4.2,0.711807229,50,5
Modified,Outer,BOT,BOT2,43,342,0,1,42,4,0,0,1,0,0,0,0,0,0,0,0,0,0,0,0,0,0,0,0,0,0,0,0,0,0,0,0,0,0,0,0,0,0,0,0,0,0,0,0,0,0,0,0,0,0,0,0,0,0,1,0,0,0,0,0,0,0,0,0,0,0,0,0,0,0,1,0,0,0,0,0,0,0,0,0,0,0,0,0,0,0,0,0,0,0.897009967,2.258864705,114.717608,7.375415282,1653.887043,22.755,32.16,8.05,95.65,4.2,0.711807229,50,6
Modified,Outer,BOT,BOT6,44,352,2,0,32,6,0,0,1,0,0,1,0,0,0,0,0,0,0,0,0,0,0,0,0,0,0,0,0,0,0,0,0,0,0,0,0,1,0,0,0,0,0,0,0,0,0,0,0,0,0,0,0,0,0,3,0,0,0,0,0,0,0,0,0,0,0,0,0,0,0,0,0,0,0,0,0,0,0,0,0,0,0,0,0,0,2,0,0,0,NA,NA,NA,NA,NA,20.23,33.935,8.13,100.05,0.65,-0.187086643,46,7
Modified,Outer,BOT,BOT5,45,354,1,1,42,1,0,0,1,0,0,0,0,0,0,0,0,0,0,0,0,0,0,0,0,0,0,0,0,0,0,0,0,0,0,0,0,0,0,0,0,0,0,0,0,0,0,0,0,0,0,0,0,0,0,0,0,0,0,0,0,0,0,0,0,0,0,0,0,0,0,0,1,0,0,0,0,0,0,0,0,0,0,0,0,0,0,0,0,0,3.311036789,1.918955576,75.65217391,12.74247492,1057.625418,21.36,33.71,8.13,104.35,1.85,0.579783597,46,5
Modified,Outer,BOT,BOT5,45,358,0,1,47,1,0,0,1,0,0,0,0,0,0,0,0,0,0,0,0,0,0,0,0,0,0,0,0,0,0,0,0,0,0,0,0,0,0,0,0,0,0,0,0,0,0,0,0,0,0,0,0,0,0,0,0,0,0,0,0,0,0,0,0,0,0,0,0,0,0,1,0,0,0,0,0,0,0,0,0,0,0,0,0,0,0,0,0,0,3.311036789,1.918955576,75.65217391,12.74247492,1057.625418,21.36,33.71,8.13,104.35,1.85,0.579783597,51,5
Modified,Inner,BOT,BOT11,46,363,0,0,48,0,0,0,1,0,0,0,0,0,0,0,0,0,0,0,0,0,0,0,0,0,0,0,0,0,0,0,0,0,0,0,0,0,0,0,0,0,0,0,0,0,0,0,0,0,0,0,0,0,0,0,0,0,0,0,0,0,0,0,0,0,0,0,0,0,0,0,0,0,0,0,0,0,0,0,0,0,0,0,0,0,0,0,0,0,2.345276873,2.286867355,137.7850163,19.54397394,1642.37785,24.675,30.605,7.96,88.5,2.75,1.004321374,49,2
Modified,Inner,BOT,BOT11,46,368,0,0,46,0,0,0,3,0,0,0,0,0,0,0,0,0,0,0,0,0,0,0,0,0,0,0,0,0,0,0,0,0,0,0,0,0,0,0,0,0,0,0,0,0,0,0,0,0,0,0,0,0,0,0,0,0,0,0,0,0,0,0,0,0,0,0,0,0,0,0,0,0,0,0,0,0,0,0,0,0,0,0,0,0,0,0,0,0,2.345276873,2.286867355,137.7850163,19.54397394,1642.37785,24.675,30.605,7.96,88.5,2.75,1.004321374,49,2
Modified,Inner,BOT,BOT9,47,371,5,5,13,0,0,0,1,0,0,0,12,0,1,0,0,2,0,1,0,0,1,0,0,0,0,0,0,0,0,1,1,0,0,0,0,0,0,0,0,0,0,0,0,0,0,0,0,0,0,0,1,0,0,1,0,0,0,0,1,0,0,0,0,0,0,0,0,0,0,0,0,0,0,0,0,0,0,0,0,0,0,0,0,0,0,0,0,0,4.845526316,2.386416821,106.9736842,19.63815789,1613.190789,24.665,29.945,8.03,99.3,5.9,0.638489257,41,13
Modified,Inner,BOT,BOT9,47,374,1,1,31,0,0,0,1,0,0,0,7,0,0,0,0,0,0,0,0,0,0,0,0,0,0,0,0,0,0,0,0,0,0,0,0,0,1,0,0,0,0,0,0,0,0,0,0,0,0,0,0,0,0,0,0,0,0,0,0,0,0,0,0,0,0,0,0,0,0,0,0,0,0,0,0,4,0,0,0,0,0,0,0,0,0,0,0,0,4.845526316,2.386416821,106.9736842,19.63815789,1613.190789,24.665,29.945,8.03,99.3,5.9,0.638489257,45,6
Modified,Inner,BOT,BOT13,48,380,0,0,45,0,0,0,4,0,0,0,0,0,0,0,0,0,0,0,0,0,0,0,0,0,0,0,0,0,0,0,0,0,0,0,0,0,0,0,0,0,0,0,0,0,0,0,0,0,0,0,0,0,0,0,0,0,0,0,0,0,0,0,0,0,0,0,0,0,0,0,0,0,0,0,0,0,0,0,0,0,0,0,0,0,0,0,0,0,3.511705686,2.393795222,201.3712375,20.06688963,1661.237458,25.055,30.145,7.925,88.9,5.9,1.021189299,49,2
Modified,Inner,BOT,BOT13,48,383,0,0,43,0,0,0,6,0,0,0,0,0,0,0,0,0,0,0,0,0,0,0,0,0,0,0,0,0,0,0,0,0,0,0,0,0,0,0,0,0,0,0,0,0,0,0,0,0,0,0,0,0,0,0,0,0,0,0,0,0,0,0,0,0,0,0,0,0,0,0,0,0,0,0,0,0,0,0,0,0,0,0,0,0,0,0,0,0,3.511705686,2.393795222,201.3712375,20.06688963,1661.237458,25.055,30.145,7.925,88.9,5.9,1.021189299,49,2
Modified,Inner,BOT,BOT12,49,388,0,0,47,0,0,0,2,0,0,0,0,0,0,0,0,0,0,0,0,0,0,0,0,0,0,0,0,0,0,0,0,0,0,0,0,0,0,0,0,0,0,0,0,0,0,0,0,0,0,0,0,0,0,0,0,0,0,0,0,0,0,0,0,0,0,0,0,0,0,0,0,0,0,0,0,0,0,0,0,0,0,0,0,0,0,0,0,0,0,2.261282765,108.361204,21.57190635,1343.879599,25.65,28.565,7.945,92.2,4.8,0.785329835,49,2
Modified,Inner,BOT,BOT12,49,392,0,0,48,0,0,0,1,0,0,0,0,0,0,0,0,0,0,0,0,0,0,0,0,0,0,0,0,0,0,0,0,0,0,0,0,0,0,0,0,0,0,0,0,0,0,0,0,0,0,0,0,0,0,0,0,0,0,0,0,0,0,0,0,0,0,0,0,0,0,0,0,0,0,0,0,0,0,0,0,0,0,0,0,0,0,0,0,0,0,2.261282765,108.361204,21.57190635,1343.879599,25.65,28.565,7.945,92.2,4.8,0.785329835,49,2
Modified,Inner,BOT,BOT14,50,393,18,0,6,0,0,0,0,0,0,0,4,0,0,0,0,0,0,0,0,0,18,0,0,0,0,1,0,0,0,0,0,0,0,0,0,0,0,1,0,0,0,0,0,0,0,0,0,0,0,0,0,0,0,0,0,0,0,0,0,0,0,0,0,0,0,0,0,0,0,0,0,0,0,0,0,0,0,0,0,0,1,0,0,0,0,0,0,0,4.3,2.051923916,88.4,15.1,977.2,26.555,29.2,8.01,95.7,4.85,0.886490725,31,6
Modified,Inner,BOT,BOT14,50,398,6,0,4,0,0,0,0,0,0,0,28,0,0,0,0,0,0,0,0,0,7,0,1,0,0,2,0,0,0,0,0,0,0,0,0,0,0,0,0,0,0,0,0,0,0,0,0,0,0,0,0,0,0,0,0,0,0,0,0,0,0,0,0,0,0,0,0,0,0,0,0,0,0,0,0,0,0,0,0,0,0,0,0,0,0,0,0,0,4.3,2.051923916,88.4,15.1,977.2,26.555,29.2,8.01,95.7,4.85,0.886490725,42,5
Modified,Inner,BOT,BOT10,51,401,2,0,13,0,0,0,0,0,0,0,1,0,0,0,0,0,0,0,0,0,17,0,0,0,0,8,0,0,0,0,0,0,0,0,0,0,0,0,0,0,0,0,0,0,0,0,0,0,0,0,0,0,0,1,0,0,0,0,0,0,0,0,0,0,0,0,0,0,0,0,0,0,0,0,0,0,0,0,0,0,0,0,0,0,0,0,0,0,5.61,2.214843848,78.4,15.9,1243.7,24.395,31.21,7.99,91.45,3.6,NA,40,5
Modified,Inner,BOT,BOT10,51,407,0,0,21,0,0,0,0,0,0,0,0,0,0,0,0,0,0,0,0,0,25,0,0,0,0,0,0,0,0,0,0,0,0,0,0,0,0,0,0,0,0,0,0,0,0,0,0,0,0,0,0,0,0,0,0,0,0,0,0,0,0,0,0,0,0,0,0,0,0,0,0,0,0,0,0,0,0,0,0,0,0,0,0,0,0,0,0,0,5.61,2.214843848,78.4,15.9,1243.7,24.395,31.21,7.99,91.45,3.6,NA,46,2
Pristine,Outer,WAG,WAG5,53,418,1,0,30,6,0,1,1,0,1,0,0,0,0,0,0,0,0,0,0,0,0,0,0,0,0,0,0,0,0,0,0,0,0,0,0,0,0,0,0,0,0,0,0,0,0,0,0,0,0,0,1,0,0,0,0,0,0,0,0,0,0,0,0,0,0,0,0,0,0,0,0,0,0,0,0,0,0,0,0,0,0,0,0,0,0,0,0,0,9.769736842,1.499397649,101.3486842,9.967105263,737.4671053,21.77,35.79,8.165,109.65,7.85,0.267171728,40,6
Pristine,Outer,WAG,WAG5,53,423,6,0,19,5,0,1,4,1,2,0,0,0,0,0,0,0,0,0,0,0,0,0,0,0,0,0,0,0,0,0,0,0,0,0,0,0,0,0,0,0,0,0,0,0,0,0,0,0,0,0,1,0,0,0,0,0,0,0,0,0,0,0,0,0,0,0,0,0,0,0,0,0,0,0,0,0,0,0,0,0,0,0,0,0,0,0,0,0,9.769736842,1.499397649,101.3486842,9.967105263,737.4671053,21.77,35.79,8.165,109.65,7.85,0.267171728,33,7
Pristine,Inner,WAG,WAG8,54,427,38,0,8,0,0,0,0,0,0,0,0,0,0,0,0,0,0,0,0,0,0,0,0,0,0,0,0,0,0,0,0,0,0,0,0,0,0,0,0,0,0,0,0,0,0,0,0,0,0,0,0,1,0,0,0,0,0,0,0,0,0,0,0,0,0,0,0,0,0,0,0,0,0,0,0,0,0,0,0,0,0,0,0,0,0,0,0,0,15.40268456,1.736102256,175.0671141,12.7852349,721.2080537,21.29,35.725,8.06,89.35,2.6,0.290034611,9,2
Pristine,Inner,WAG,WAG8,54,431,34,1,13,0,0,0,0,0,0,0,0,0,0,0,0,0,0,0,0,0,0,0,0,0,0,0,0,0,0,0,0,0,0,0,0,0,0,0,0,0,0,0,0,0,0,0,0,0,0,0,0,1,0,0,0,0,0,0,0,0,0,0,0,0,0,0,0,0,0,0,0,0,0,0,0,0,0,0,0,0,0,0,0,0,0,0,0,0,15.40268456,1.736102256,175.0671141,12.7852349,721.2080537,21.29,35.725,8.06,89.35,2.6,0.290034611,15,3
Pristine,Inner,WAG,WAG12,57,451,17,0,25,0,0,0,1,0,0,1,0,0,0,0,0,0,0,0,0,0,0,0,0,0,0,0,0,0,0,0,0,0,0,0,0,0,0,0,0,0,0,0,0,0,0,0,0,0,0,0,2,0,0,0,0,0,0,0,0,0,0,0,0,0,0,0,0,0,0,0,0,0,0,0,0,0,0,0,0,0,1,0,0,0,0,0,0,0,NA,NA,NA,NA,NA,21.81,35.725,8.08,98.05,5.1,-0.096910013,30,5
Pristine,Inner,WAG,WAG12,57,455,22,0,20,0,0,0,1,0,0,1,0,0,0,0,0,0,0,0,0,0,0,0,0,0,0,0,0,0,0,0,0,0,0,0,0,0,0,0,0,0,0,0,0,0,0,0,0,0,0,0,2,1,0,0,0,0,0,0,0,0,0,0,0,0,0,0,0,0,0,0,0,0,0,0,0,0,0,0,0,0,1,0,0,0,0,0,0,0,NA,NA,NA,NA,NA,21.81,35.725,8.08,98.05,5.1,-0.096910013,26,6
Pristine,Inner,WAG,WAG11,59,467,31,0,17,0,0,0,0,0,0,0,0,0,0,0,0,0,0,0,0,0,0,0,0,0,0,0,0,0,0,0,0,0,0,0,0,0,0,0,0,0,0,0,0,0,0,0,0,0,0,0,1,0,0,0,0,0,0,0,0,0,0,0,0,0,0,0,0,0,0,0,0,0,0,0,0,0,0,0,0,0,2,0,0,0,0,0,0,0,10.3,1.707570176,133.9,12.9,752,21.405,35.735,8.11,103.4,4.8,-0.096910013,20,3
Pristine,Inner,WAG,WAG11,59,470,39,0,7,0,0,0,0,0,0,1,0,0,0,0,0,0,0,0,0,0,0,0,0,0,0,0,0,0,0,0,0,0,0,0,0,0,0,0,0,0,0,0,0,0,0,0,0,0,0,0,0,0,0,0,0,0,0,0,0,0,0,0,0,0,0,0,0,0,0,0,0,0,0,0,0,0,0,0,0,0,1,0,0,0,0,0,0,0,10.3,1.707570176,133.9,12.9,752,21.405,35.735,8.11,103.4,4.8,-0.096910013,9,3
Pristine,Inner,WAG,WAG10,60,475,47,0,0,0,0,0,0,0,0,0,0,0,0,0,0,0,0,0,0,0,0,0,0,0,0,0,0,0,0,0,0,0,0,0,0,0,0,0,0,0,0,0,0,0,0,0,0,0,0,0,0,0,0,0,0,0,0,0,0,0,0,0,0,0,0,0,0,0,0,0,0,0,0,0,0,0,0,0,0,0,2,0,0,0,0,0,0,0,11.42384106,1.715616001,240.397351,11.42384106,827.8807947,21.555,36.16,8.13,103.55,4.15,-0.124938737,2,1
Pristine,Inner,WAG,WAG10,60,480,47,0,1,0,0,0,0,0,0,0,0,0,0,0,0,0,0,0,0,0,0,0,0,0,0,0,0,0,0,0,0,0,0,0,0,0,0,0,0,0,0,0,0,0,0,0,0,0,0,0,1,0,0,0,0,0,0,0,0,0,0,0,0,0,0,0,0,0,0,0,0,0,0,0,0,0,0,0,0,0,2,0,0,0,0,0,0,0,11.42384106,1.715616001,240.397351,11.42384106,827.8807947,21.555,36.16,8.13,103.55,4.15,-0.124938737,4,3
Pristine,Inner,WAG,WAG13,62,491,7,0,35,0,0,0,2,0,0,1,0,0,0,0,0,0,0,0,0,0,0,0,0,0,0,0,1,0,0,0,0,0,0,0,0,0,0,0,0,0,0,0,0,0,0,0,0,0,0,0,2,0,0,0,0,0,0,0,0,0,0,0,0,0,0,0,0,0,0,0,0,0,0,0,0,0,0,0,0,0,1,0,0,0,0,0,0,0,15.4,1.267171728,182.3,14.2,525.7,NA,35.865,8.13,101.3,4.8,0.371067862,42,6
Pristine,Inner,WAG,WAG13,62,495,2,1,44,0,0,0,1,0,0,0,0,0,0,0,0,0,0,0,0,0,0,0,0,0,0,0,0,0,0,0,0,0,0,0,0,0,0,0,0,0,0,0,0,0,0,0,0,0,0,0,1,0,0,1,0,0,0,0,0,0,0,0,0,0,0,0,0,0,0,0,0,0,0,0,0,0,0,0,0,0,0,0,0,0,0,0,0,0,15.4,1.267171728,182.3,14.2,525.7,NA,35.865,8.13,101.3,4.8,0.371067862,48,5
Pristine,Outer,WAG,WAG7,63,498,11,0,4,6,0,0,7,10,1,0,0,0,0,0,0,0,0,0,0,0,0,0,0,0,0,0,0,0,0,0,0,0,0,0,0,0,0,0,0,0,0,0,0,0,0,0,0,0,0,0,1,0,0,0,0,0,0,0,0,0,0,0,0,0,0,0,0,0,0,0,0,0,0,0,0,0,0,0,0,0,2,0,0,0,0,0,0,0,7.9,1.726727209,111.1,9.9,915.8,20.325,36.08,8.14,104.85,5.85,-0.301029996,31,7
Pristine,Outer,WAG,WAG7,63,500,7,0,4,16,0,0,2,13,1,1,0,0,0,0,0,0,0,1,0,0,0,0,0,0,0,0,0,0,0,0,0,0,0,0,0,0,0,1,0,0,0,0,0,0,0,0,0,0,0,0,0,0,0,0,0,0,0,0,0,0,0,0,0,0,0,0,0,0,0,0,0,0,0,0,0,0,0,0,0,0,0,0,0,0,0,0,0,0,7.9,1.726727209,111.1,9.9,915.8,20.325,36.08,8.14,104.85,5.85,-0.301029996,39,8
Pristine,Inner,WAG,WAG14,65,515,1,0,44,0,0,0,4,0,0,0,0,0,0,0,0,0,0,0,0,0,0,0,0,0,0,0,0,0,0,0,0,0,0,0,0,0,0,0,0,0,0,0,0,0,0,0,0,0,0,0,0,0,0,0,0,0,0,0,0,0,0,0,0,0,0,0,0,0,0,0,0,0,0,0,0,0,0,0,0,0,0,0,0,0,0,0,0,0,13.61,1.541579244,151.3,8.6,756.3,20.325,35.88,8.12,97.35,6.25,0.484299839,48,2
Pristine,Inner,WAG,WAG14,65,516,1,0,38,0,0,0,9,0,0,0,0,0,0,0,0,0,0,0,0,0,0,0,0,0,0,0,0,0,0,0,0,0,0,0,0,0,0,0,0,0,0,0,0,0,0,0,0,0,0,0,1,0,0,0,0,0,0,0,0,0,0,0,0,0,0,0,0,0,0,0,0,0,0,0,0,0,0,0,0,0,0,0,0,0,0,0,0,0,13.61,1.541579244,151.3,8.6,756.3,20.325,35.88,8.12,97.35,6.25,0.484299839,48,3
Modified,Inner,KEM,KEM11,66,523,3,3,16,0,0,0,0,0,0,0,0,0,0,0,1,0,0,0,0,0,0,0,0,0,0,0,0,0,0,0,0,0,0,0,0,0,0,0,0,0,0,0,0,0,0,0,0,0,0,0,3,0,1,2,0,0,0,0,0,0,0,0,0,0,0,0,0,0,0,1,0,0,0,0,1,0,0,0,0,0,0,0,0,0,0,0,0,0,0.9,2.518250651,114,5.3,1692.7,21.95,35.54,8.14,101.5,2.55,0.290034611,28,8
Modified,Inner,KEM,KEM11,66,525,1,2,32,0,0,0,3,0,0,0,0,0,0,0,0,0,0,0,0,0,0,0,0,0,0,0,0,0,0,0,0,0,0,0,0,0,0,0,0,0,0,0,0,0,0,0,0,0,0,0,1,0,0,3,0,0,0,0,0,1,0,0,0,0,0,0,0,0,0,0,1,0,0,0,0,0,0,0,0,0,0,0,0,0,0,0,0,0,0.9,2.518250651,114,5.3,1692.7,21.95,35.54,8.14,101.5,2.55,0.290034611,43,7
Modified,Inner,KEM,KEM12,67,534,1,2,13,0,0,0,2,0,0,0,0,0,0,0,0,9,0,0,0,0,0,0,0,0,0,0,0,0,0,0,0,0,0,0,0,0,0,0,0,0,0,0,0,0,0,0,0,0,0,0,0,0,0,2,0,0,0,0,0,0,0,0,0,0,0,0,0,0,0,0,0,0,0,0,0,0,0,0,0,0,0,0,0,0,0,0,0,0,NA,NA,NA,NA,NA,22.19,35.795,8.145,101.75,3.45,0.243038049,28,5
Modified,Outer,KEM,KEM5,68,539,0,3,25,5,0,0,0,0,0,0,0,0,0,0,0,0,0,0,0,0,0,0,0,0,0,0,0,0,0,0,0,0,0,0,0,0,0,0,0,0,0,0,0,0,0,0,0,0,0,0,0,0,0,15,0,0,0,0,0,0,0,0,0,0,0,0,0,0,0,1,0,0,0,0,0,1,0,0,0,0,0,0,0,0,0,0,0,0,6.709265176,2.396884209,130.7348243,21.85303514,1168.083067,22.055,35.905,8.145,103.95,5.05,0.462397998,50,6
Modified,Outer,KEM,KEM5,68,541,0,0,37,0,0,0,9,0,0,0,0,0,0,0,0,0,0,0,0,0,0,0,0,0,0,0,0,0,0,0,0,0,0,0,0,0,0,0,0,0,0,0,0,0,0,0,0,0,0,0,0,0,0,1,0,0,0,0,0,0,0,0,0,0,0,0,0,0,0,0,0,0,0,0,0,0,0,0,0,0,0,0,0,0,0,0,0,0,6.709265176,2.396884209,130.7348243,21.85303514,1168.083067,22.055,35.905,8.145,103.95,5.05,0.462397998,47,3
Modified,Outer,KEM,KEM2,69,545,2,3,33,1,0,0,1,1,0,0,0,0,0,0,0,1,0,0,0,0,0,0,0,0,0,0,0,0,0,0,0,0,0,0,0,0,0,0,0,0,0,0,0,0,0,0,0,0,0,0,0,0,0,7,0,0,0,0,0,0,0,0,0,0,0,0,0,0,0,0,0,0,0,0,0,0,0,0,0,0,0,0,0,0,0,0,0,0,8.092105263,2.492696074,119.4078947,28.02631579,1053.651316,21.77,35.855,8.13,102,1.65,0.041392685,47,7
Modified,Outer,KEM,KEM2,69,549,2,2,39,0,0,0,1,0,0,0,0,0,0,0,0,1,0,0,0,0,0,0,0,0,0,0,0,0,0,0,0,0,0,0,0,0,0,0,0,0,0,0,0,0,0,0,0,0,0,0,0,0,0,3,0,0,0,0,0,0,0,0,0,1,0,0,0,0,0,0,0,0,0,0,0,0,0,0,0,0,0,0,0,0,0,0,0,0,8.092105263,2.492696074,119.4078947,28.02631579,1053.651316,21.77,35.855,8.13,102,1.65,0.041392685,47,6
Modified,Outer,KEM,KEM1,71,562,8,0,4,4,0,1,0,0,0,0,0,0,0,0,0,2,0,0,0,0,0,0,0,0,0,0,0,0,0,0,0,0,0,0,0,0,0,0,0,0,0,0,0,0,0,0,0,0,0,0,0,0,0,22,0,0,0,0,0,0,0,0,1,0,0,0,0,0,0,3,0,0,0,1,1,0,0,0,0,0,0,0,0,0,0,0,0,0,3.511705686,1.882263659,78.9632107,23.27759197,1122.441472,21.445,36.035,8.175,106.85,4.95,-0.096910013,39,9
Modified,Outer,KEM,KEM7,72,571,0,0,49,0,0,0,0,0,0,0,0,0,0,0,0,0,0,0,0,0,0,0,0,0,0,0,0,0,0,0,0,0,0,0,0,0,0,0,0,0,0,0,0,0,0,0,0,0,0,0,0,0,0,0,0,0,0,0,0,0,0,0,0,0,0,0,0,0,0,0,0,0,0,0,0,0,0,0,0,0,0,0,0,0,0,0,0,0,1.605351171,2.44984717,90.40133779,4.91638796,1428.461538,21.45,36.095,8.165,103.25,2.6,0.146128036,49,1
Modified,Outer,KEM,KEM7,72,574,0,0,49,0,0,0,0,0,0,0,0,0,0,0,0,0,0,0,0,0,0,0,0,0,0,0,0,0,0,0,0,0,0,0,0,0,0,0,0,0,0,0,0,0,0,0,0,0,0,0,0,0,0,0,0,0,0,0,0,0,0,0,0,0,0,0,0,0,0,0,0,0,0,0,0,0,0,0,0,0,0,0,0,0,0,0,0,0,1.605351171,2.44984717,90.40133779,4.91638796,1428.461538,21.45,36.095,8.165,103.25,2.6,0.146128036,49,1
Modified,Inner,KEM,KEM8,73,578,1,0,39,0,0,0,2,0,0,0,0,0,0,0,0,0,0,0,0,0,0,0,0,0,0,0,0,0,0,0,0,0,0,0,0,0,0,0,0,0,0,0,0,0,0,1,0,0,0,0,1,0,0,2,0,0,0,0,0,0,0,0,0,0,0,0,0,0,0,1,0,0,0,0,0,0,0,0,1,0,0,0,0,0,0,0,0,0,3.6,2.68770728,143.1,10.2,2190.7,21.995,35.84,8.13,96.8,1.55,0.767155866,47,7
Modified,Inner,KEM,KEM13,74,585,15,4,12,3,0,0,0,0,0,0,0,0,0,0,0,0,0,0,0,0,0,0,0,0,0,0,0,0,0,0,0,0,0,0,0,0,0,0,0,0,0,0,0,0,0,0,0,0,0,0,2,1,0,3,0,0,0,0,0,0,0,0,0,0,0,0,0,0,0,2,0,0,0,0,0,0,0,0,0,0,0,0,0,0,0,0,0,0,1.451612903,2.529579366,160.3548387,7.838709677,2350.741935,22,36.01,8.145,101.75,3.6,0.230448921,27,7
Modified,Inner,KEM,KEM13,74,588,12,0,6,1,0,0,0,0,0,0,0,0,0,0,0,0,0,0,0,1,0,0,0,0,0,0,0,0,0,0,0,0,0,0,0,0,0,0,0,0,0,0,0,0,0,0,0,0,1,0,3,0,0,6,0,0,0,0,0,0,3,0,1,0,0,0,0,0,0,0,0,0,0,0,0,0,0,0,0,0,0,0,0,0,0,0,0,0,1.451612903,2.529579366,160.3548387,7.838709677,2350.741935,22,36.01,8.145,101.75,3.6,0.230448921,22,8
Modified,Outer,KEM,KEM3,75,592,0,0,45,0,0,0,2,0,0,0,0,0,0,0,0,0,0,0,0,0,0,0,0,0,0,0,0,0,0,0,0,0,0,0,0,0,0,0,0,0,0,0,0,0,0,0,0,0,0,0,0,0,0,0,0,0,0,0,0,0,0,0,0,0,0,0,0,0,0,1,0,0,0,0,0,0,0,0,0,0,0,0,0,0,0,0,0,0,2.880794702,2.980334526,257.4834437,11.32450331,2247.715232,22.24,35.845,8.15,108.7,2.9,0.342422681,48,3
Modified,Outer,KEM,KEM3,75,597,0,0,46,1,0,0,1,0,1,0,0,0,0,0,0,0,0,0,0,0,0,0,0,0,0,0,0,0,0,0,0,0,0,0,0,0,0,0,0,0,0,0,0,0,0,0,0,0,0,0,0,0,0,1,0,0,0,0,0,0,0,0,0,0,0,0,0,0,0,0,0,0,0,0,0,0,0,0,0,0,0,0,0,0,0,0,0,0,2.880794702,2.980334526,257.4834437,11.32450331,2247.715232,22.24,35.845,8.15,108.7,2.9,0.342422681,50,5
Modified,Outer,KEM,KEM6,77,608,0,0,15,6,0,0,0,0,0,0,0,0,0,0,0,0,0,0,0,0,0,0,0,0,0,0,0,0,0,0,0,0,0,0,0,0,0,0,0,0,0,0,0,0,0,0,0,0,0,0,0,0,0,23,0,1,0,0,0,0,0,0,2,0,0,0,0,0,0,0,0,0,0,0,0,1,0,0,1,0,0,0,0,0,0,0,0,0,2.781456954,2.324473246,122.9801325,11.82119205,1169.602649,21.71,36.045,8.145,101.05,3.65,0.431363764,49,7
Modified,Outer,KEM,KEM6,77,613,1,1,10,7,0,0,0,1,0,0,0,0,0,0,0,0,0,0,0,0,0,0,0,0,0,0,0,0,0,0,0,0,0,0,0,0,0,0,0,0,1,0,0,0,0,1,0,0,0,0,0,0,0,23,0,0,0,0,0,1,0,0,3,0,0,0,0,0,0,0,0,0,0,0,0,1,0,0,1,0,0,0,0,0,0,0,0,0,2.781456954,2.324473246,122.9801325,11.82119205,1169.602649,21.71,36.045,8.145,101.05,3.65,0.431363764,50,11
Modified,Inner,KEM,KEM10,78,616,1,2,18,0,0,0,3,0,0,0,0,0,0,0,0,0,0,0,0,0,0,0,0,0,0,0,0,0,0,0,0,0,0,0,0,0,0,0,0,0,0,0,0,0,0,1,0,0,0,0,0,0,0,18,0,0,0,0,0,1,1,0,0,0,0,0,0,0,0,1,0,0,0,0,0,0,0,0,0,0,0,0,0,0,0,0,0,0,1.666666667,2.78790478,144.5098039,5.882352941,3174.901961,22.06,35.575,8.14,95.25,2.35,0.389166084,45,8
Modified,Inner,KEM,KEM10,78,620,6,4,6,0,0,0,2,0,0,0,0,0,0,0,1,1,0,0,0,0,0,0,0,0,0,0,0,0,0,0,0,0,0,0,0,0,0,0,0,0,0,0,0,0,0,1,0,0,0,0,0,0,0,18,0,0,0,0,0,1,0,0,0,0,0,1,0,0,0,2,0,0,0,0,0,0,0,0,0,0,0,0,0,0,0,0,0,0,1.666666667,2.78790478,144.5098039,5.882352941,3174.901961,22.06,35.575,8.14,95.25,2.35,0.389166084,37,10
Pristine,Inner,HAK,HAK25,85,673,26,0,0,0,0,0,0,0,0,1,0,0,0,0,0,0,0,0,0,0,0,0,0,0,1,0,7,0,0,0,0,0,0,0,0,0,0,0,0,0,0,0,0,0,0,0,0,0,0,0,1,0,0,0,1,1,0,0,0,0,0,0,0,0,1,0,0,0,0,0,0,0,0,0,0,0,0,0,0,0,0,0,0,1,2,4,0,0,8.453708609,1.983886046,78.2781457,22.94701987,1022.880795,22.935,35.865,8.025,99.4,2.4,-0.022276395,20,10
Pristine,Inner,HAK,HAK25,85,676,15,0,0,0,0,0,0,0,0,1,0,0,0,0,0,0,0,0,0,0,0,0,0,0,0,0,12,0,0,0,0,0,0,0,0,0,0,0,0,0,0,0,0,0,0,0,0,0,0,0,2,0,0,1,1,1,0,0,0,0,0,0,0,0,6,0,0,0,0,0,0,0,0,0,0,0,0,0,0,0,0,0,1,2,2,3,0,0,8.453708609,1.983886046,78.2781457,22.94701987,1022.880795,22.935,35.865,8.025,99.4,2.4,-0.022276395,32,11
Pristine,Outer,HAK,HAK4,88,696,0,0,0,1,0,0,47,0,0,0,0,0,0,0,0,0,0,0,0,0,0,0,0,0,0,0,0,0,0,0,0,0,0,0,0,0,0,1,0,0,0,0,0,0,0,0,0,0,0,0,0,0,0,0,0,0,0,0,0,0,1,0,0,0,0,0,0,0,0,0,0,0,0,0,0,0,0,0,0,0,0,0,0,0,0,0,0,0,NA,NA,NA,NA,NA,19.515,36.245,8.065,102.2,1.15,-0.346787486,50,4
Pristine,Outer,HAK,HAK4,88,702,2,0,1,1,1,0,38,0,1,0,0,0,0,0,0,0,0,0,0,0,0,0,0,0,0,0,0,0,0,0,0,0,0,0,0,0,0,0,0,0,0,0,0,0,0,0,0,0,0,0,0,0,0,0,0,0,0,0,0,0,1,0,0,0,0,1,0,0,0,0,0,0,0,0,0,1,0,0,0,1,0,0,1,0,1,0,0,0,NA,NA,NA,NA,NA,19.515,36.245,8.065,102.2,1.15,-0.346787486,48,11
Pristine,Outer,HAK,HAK3,91,720,2,0,1,2,1,0,12,0,0,0,0,0,0,0,0,0,0,2,0,0,0,0,0,0,0,0,0,0,0,0,0,0,0,0,0,0,0,1,0,0,0,0,0,0,0,0,0,0,0,0,0,0,0,0,0,1,0,0,0,0,0,0,0,0,0,0,0,0,0,1,0,0,0,0,0,0,0,0,0,0,2,0,1,0,0,0,0,0,7.7,1.999130541,76.4,19.4,1347.7,19.125,36.225,8.08,99.95,1.2,0.146128036,24,10
Pristine,Outer,HAK,HAK3,91,726,1,0,3,0,1,0,21,0,1,0,0,0,0,0,0,0,0,0,0,0,0,0,0,0,0,0,0,0,0,0,0,0,0,0,0,0,0,1,0,0,0,0,0,0,0,0,0,0,0,0,0,0,0,0,0,0,0,0,1,0,0,0,0,0,0,0,0,0,0,0,0,0,0,0,0,2,0,0,0,0,0,0,0,0,0,0,0,0,7.7,1.999130541,76.4,19.4,1347.7,19.125,36.225,8.08,99.95,1.2,0.146128036,30,7
Pristine,Inner,HAK,HAK20,92,731,13,0,0,0,0,0,0,0,0,2,6,0,0,0,0,0,0,0,0,0,3,0,0,0,0,0,6,0,0,0,0,0,0,0,0,0,0,0,0,0,0,0,0,0,0,0,0,1,0,0,4,0,0,2,0,0,0,0,0,0,0,0,0,0,3,0,0,0,0,1,0,0,0,0,0,0,0,0,0,0,0,0,2,1,0,0,0,0,2.790697674,2.132731867,78.73754153,8.272425249,1302.059801,22.945,35.905,8.055,98.75,2.3,-0.096910013,31,11
Pristine,Inner,HAK,HAK20,92,733,9,0,0,0,0,0,1,0,0,4,4,0,0,0,0,0,0,0,0,0,0,0,0,0,0,0,4,0,0,0,0,0,0,0,0,0,0,0,0,0,0,0,0,0,0,0,0,0,0,0,2,0,0,3,0,1,0,0,0,0,0,0,0,0,12,0,0,0,0,1,0,0,0,0,0,0,0,0,0,0,0,0,2,0,1,0,0,0,2.790697674,2.132731867,78.73754153,8.272425249,1302.059801,22.945,35.905,8.055,98.75,2.3,-0.096910013,35,11
Pristine,Inner,HAK,HAK15,93,739,7,0,0,0,0,0,8,0,0,0,4,0,0,0,0,0,0,0,0,0,13,0,0,0,0,0,0,0,0,0,0,0,0,0,0,0,0,0,0,0,0,0,0,0,0,0,0,0,0,0,1,0,0,0,0,1,1,0,0,0,0,0,0,0,7,0,0,0,0,0,0,0,0,0,0,0,0,0,0,0,1,0,0,0,0,0,0,0,7.534752475,2.139005756,77.02970297,19.7029703,1207.623762,23.71,35.595,7.985,96.7,4.15,0.934498451,36,8
Pristine,Inner,HAK,HAK15,93,740,3,0,2,0,0,0,4,0,0,0,20,0,0,0,0,2,0,0,0,0,12,0,0,0,0,0,1,1,0,0,0,0,0,0,0,0,0,0,0,0,0,0,0,0,0,0,0,0,0,0,0,0,0,0,0,0,0,0,0,0,0,0,0,0,2,0,0,0,0,2,0,0,0,0,0,0,0,0,0,0,0,0,0,0,0,0,0,0,7.534752475,2.139005756,77.02970297,19.7029703,1207.623762,23.71,35.595,7.985,96.7,4.15,0.934498451,46,9
Pristine,Outer,HAK,HAK2,96,761,9,1,0,2,0,1,10,3,0,0,0,0,0,0,0,0,0,0,0,0,0,0,0,0,0,0,0,0,0,0,0,1,0,0,0,0,0,2,0,0,0,0,0,0,0,0,0,0,0,0,0,0,0,0,0,1,0,0,0,0,0,0,0,0,0,0,0,0,0,3,0,0,0,0,0,0,0,0,0,0,0,0,0,0,0,0,0,0,7.574750831,1.85042436,68.27242525,14.25249169,1041.229236,21.045,36.035,8.045,97.9,1.1,0.113943352,24,9
Pristine,Outer,HAK,HAK2,96,766,7,0,0,4,0,1,10,1,1,0,0,0,0,0,0,0,0,0,0,0,0,0,0,0,0,0,0,0,0,0,0,0,0,0,0,0,0,5,0,0,0,0,0,0,0,0,1,0,0,0,0,0,0,0,0,0,0,0,0,0,0,0,0,0,0,0,1,0,0,3,0,0,0,0,0,4,0,0,0,0,0,0,0,0,0,0,0,0,7.574750831,1.85042436,68.27242525,14.25249169,1041.229236,21.045,36.035,8.045,97.9,1.1,0.113943352,31,10
Pristine,Inner,HAK,HAK17,97,770,43,0,0,0,0,0,0,0,0,0,0,0,0,0,0,0,0,0,0,0,0,0,0,0,0,0,1,0,0,0,0,0,0,0,0,0,0,1,0,0,0,0,0,0,0,0,0,0,0,0,0,0,0,0,1,0,0,0,0,0,0,0,0,0,0,0,0,0,0,0,0,0,0,0,0,0,0,0,0,0,0,0,0,0,1,4,0,0,0,2.317035484,81.72757475,2.6910299,1846.245847,23.78,35.8,7.99,96.75,1.2,0.079181246,8,5
Pristine,Inner,HAK,HAK17,97,773,42,0,0,0,0,0,0,0,0,0,0,0,0,0,0,0,0,0,0,0,1,0,0,0,0,0,1,0,0,0,0,0,0,0,0,0,0,0,0,0,0,0,0,0,0,0,0,0,0,0,1,1,0,0,1,2,0,0,0,0,0,0,0,0,0,0,0,0,0,0,0,0,0,0,0,0,0,0,0,0,0,0,0,0,1,1,0,0,0,2.317035484,81.72757475,2.6910299,1846.245847,23.78,35.8,7.99,96.75,1.2,0.079181246,9,8
Pristine,Inner,HAK,HAK19,98,779,20,0,0,0,0,0,0,0,0,1,5,0,0,0,0,1,0,0,0,0,0,0,0,0,0,0,5,0,0,0,0,0,0,0,0,1,0,0,0,0,0,0,0,0,0,0,0,0,0,0,1,1,0,1,0,0,0,0,0,0,0,0,0,0,8,0,0,0,0,1,1,0,0,0,0,0,0,0,0,0,0,0,0,0,1,1,0,0,4.615384615,2.192901081,64.81605351,2.408026756,1460.568562,22.855,35.905,8.03,100.1,2.25,-0.187086643,28,13
Pristine,Inner,HAK,HAK19,98,780,25,0,0,0,0,0,0,0,0,1,7,0,0,0,0,0,0,0,0,0,0,0,0,0,0,0,5,0,0,0,0,0,0,0,0,0,0,0,0,0,0,0,0,0,0,0,0,0,0,0,0,1,0,4,1,0,0,0,0,0,0,0,0,0,6,0,0,0,0,1,0,0,0,0,0,0,0,0,0,0,0,0,0,0,0,0,0,0,4.615384615,2.192901081,64.81605351,2.408026756,1460.568562,22.855,35.905,8.03,100.1,2.25,-0.187086643,26,8
Pristine,Inner,HAK,HAK26,101,802,39,0,0,0,0,0,0,0,0,0,2,0,0,0,0,0,0,0,0,0,0,0,0,0,0,0,0,0,0,0,0,0,0,0,0,0,0,2,0,0,0,0,0,0,0,0,0,0,0,0,0,0,0,0,1,0,0,0,0,0,0,0,0,0,0,0,0,0,0,1,0,0,0,0,0,0,0,0,0,0,0,0,2,1,0,0,0,0,4.243421053,2.021597279,79.34210526,21.51315789,1383.947368,22.965,36.06,8.045,93.8,3.65,-0.045757491,9,6
Pristine,Inner,HAK,HAK26,101,806,40,0,0,0,0,0,0,0,0,1,1,0,0,0,0,0,0,0,0,0,0,0,0,0,0,0,1,0,0,0,0,0,0,0,0,0,0,1,0,0,0,0,0,0,0,0,0,0,0,0,0,0,0,1,1,0,0,0,0,0,0,0,0,0,0,0,0,0,0,1,0,0,0,0,0,0,0,0,0,0,1,0,0,0,0,0,0,0,4.243421053,2.021597279,79.34210526,21.51315789,1383.947368,22.965,36.06,8.045,93.8,3.65,-0.045757491,8,8
Pristine,Outer,HAK,HAK10,102,809,20,0,0,0,0,0,1,0,0,0,23,0,0,0,0,0,0,0,0,0,0,0,0,0,0,0,0,0,0,0,0,0,0,0,0,0,0,0,0,0,0,0,0,0,0,0,0,0,0,0,1,1,0,2,0,0,0,0,0,0,0,0,0,0,0,0,0,0,0,1,0,0,0,0,0,0,0,0,0,0,0,0,1,0,0,0,0,0,10.07644518,2.301534696,98.27242525,27.80730897,1695.049834,22.355,36.08,8.05,95.55,1.85,-0.124938737,30,7
Pristine,Outer,HAK,HAK10,102,813,12,0,0,0,0,0,8,0,0,0,19,0,0,0,0,2,0,0,0,0,0,0,0,0,0,0,2,0,0,0,0,0,0,0,0,0,0,0,0,0,0,0,0,0,0,0,0,0,0,0,0,0,0,2,1,1,0,0,0,0,0,0,0,0,0,0,0,0,0,0,0,0,0,0,0,0,0,0,0,0,0,0,0,0,0,0,0,0,10.07644518,2.301534696,98.27242525,27.80730897,1695.049834,22.355,36.08,8.05,95.55,1.85,-0.124938737,35,7
Pristine,Inner,HAK,HAK27,106,843,25,0,0,0,0,0,0,0,0,2,1,0,0,0,0,0,0,0,0,0,0,0,0,0,0,0,6,0,0,0,0,1,0,0,0,0,0,0,0,0,0,0,0,0,0,0,0,0,0,0,4,0,0,0,1,0,0,0,0,0,0,0,0,0,1,0,0,0,0,0,0,0,0,0,0,0,0,0,0,0,1,0,0,0,3,2,0,0,7.4,2.18723862,95.6,9.4,1288.7,23.18,35.96,8.06,91.2,3.35,-0.022276395,22,10
Pristine,Outer,HAK,HAK14,107,850,6,0,0,0,0,0,1,0,0,0,10,0,0,0,0,1,0,0,0,0,0,0,0,0,0,0,0,0,0,0,0,0,0,0,0,0,0,0,0,0,0,0,0,0,0,0,0,0,0,0,0,1,0,6,0,2,0,0,0,0,0,0,0,0,0,0,0,0,0,1,0,0,0,0,0,0,0,0,0,0,0,0,18,2,0,0,0,0,6.227105263,2.298522722,99.76973684,7.401315789,1232.269737,23,36.1,7.995,92.1,3.35,0.021189299,42,9
Pristine,Outer,HAK,HAK14,107,852,15,0,0,0,0,0,0,0,0,0,5,0,1,0,0,3,0,0,0,0,0,0,0,0,0,0,0,0,0,0,0,0,0,0,0,0,0,0,0,0,0,0,0,0,0,0,0,0,0,0,2,1,0,6,1,0,0,0,0,0,0,0,0,0,0,0,0,0,0,1,0,0,1,0,0,0,0,0,0,0,0,0,7,5,3,0,0,0,6.227105263,2.298522722,99.76973684,7.401315789,1232.269737,23,36.1,7.995,92.1,3.35,0.021189299,36,12
Pristine,Outer,HAK,HAK8,108,856,12,0,0,20,0,0,0,1,0,0,0,0,0,0,0,0,0,0,0,0,0,0,0,0,0,0,1,0,0,0,0,0,0,0,0,1,0,3,0,0,0,0,0,0,0,0,0,0,0,0,1,0,0,0,0,0,0,0,0,0,0,0,0,0,0,0,0,0,0,1,0,0,0,0,0,0,0,0,0,0,0,0,0,1,0,0,1,0,11.58718121,1.760301019,88.89261745,19.12751678,1272.181208,19.26,36.085,8.045,88.85,1.05,0.243038049,30,9
Pristine,Outer,HAK,HAK8,108,860,9,1,0,17,0,0,0,3,0,0,0,0,0,0,0,1,0,0,0,0,0,0,0,0,0,0,1,0,0,0,0,0,0,0,0,0,0,5,0,0,0,0,0,0,0,0,0,0,0,0,1,0,0,1,0,0,0,0,0,0,1,0,0,0,0,1,0,0,0,1,0,0,0,0,0,0,0,0,0,0,1,0,0,0,0,0,0,0,11.58718121,1.760301019,88.89261745,19.12751678,1272.181208,19.26,36.085,8.045,88.85,1.05,0.243038049,34,12
Pristine,Outer,HAK,HAK9,109,864,0,0,1,0,0,0,46,0,0,0,0,0,0,0,0,0,0,0,0,0,0,0,0,0,0,0,0,0,0,0,0,0,0,0,0,0,0,0,0,0,0,0,0,0,0,0,0,0,0,0,0,0,0,0,0,0,0,0,0,0,0,0,0,0,0,0,0,0,0,0,0,0,0,0,0,0,0,0,1,0,0,0,0,0,0,0,0,0,NA,NA,NA,NA,NA,20.01,36.185,8.1,102.5,1.85,0.041392685,48,3
Pristine,Outer,HAK,HAK9,109,868,6,0,1,2,3,0,25,1,0,0,0,0,0,0,0,0,0,0,0,0,0,0,0,0,0,0,0,0,0,0,0,0,0,0,0,0,0,1,0,0,0,0,0,0,0,0,0,0,0,0,0,0,0,0,0,0,0,0,0,0,2,0,0,0,0,0,0,0,0,0,0,0,0,0,0,4,0,0,2,0,0,0,0,0,1,0,0,0,NA,NA,NA,NA,NA,20.01,36.185,8.1,102.5,1.85,0.041392685,42,10
Pristine,Inner,CLY,CLY14,113,898,20,0,1,0,0,0,0,0,0,0,4,0,0,0,0,15,0,0,0,2,0,0,0,0,0,0,0,0,0,0,0,0,0,0,0,0,0,0,0,0,0,0,0,0,0,0,0,0,0,0,1,0,0,0,0,0,0,0,0,0,1,0,4,0,0,0,0,0,0,0,0,0,0,0,0,0,0,0,0,0,0,0,0,1,0,0,0,0,6.51,1.881384657,175.1,17,1416.7,23.855,28.725,7.855,91.25,3.6,0.267171728,29,8
Pristine,Inner,CLY,CLY14,113,903,15,0,6,0,0,0,2,0,0,0,6,0,0,0,0,12,0,0,0,2,0,0,0,0,0,0,0,0,0,0,0,0,0,0,0,0,0,0,0,0,0,0,0,0,0,0,0,0,0,0,0,0,0,0,0,0,0,0,0,0,0,0,1,0,0,0,1,0,0,0,0,0,0,0,0,0,0,0,0,0,3,0,0,0,0,0,0,0,6.51,1.881384657,175.1,17,1416.7,23.855,28.725,7.855,91.25,3.6,0.267171728,33,8
Pristine,Inner,CLY,CLY13,117,930,23,0,2,0,0,0,0,0,0,0,3,0,0,0,0,15,0,0,0,2,0,0,0,0,0,0,0,0,0,0,0,0,0,0,0,0,0,0,0,0,0,0,0,0,0,0,0,0,0,0,0,0,0,0,0,0,0,0,0,0,0,0,0,0,0,0,2,0,0,0,0,0,0,0,0,0,0,0,0,0,1,0,0,0,0,0,0,0,2.809364548,1.938466174,175.9866221,15.55183946,1586.989967,23.815,28.7,7.87,91.65,3,0.278753601,25,6
Pristine,Inner,CLY,CLY13,117,933,21,0,6,0,0,0,0,0,0,0,1,0,0,0,0,18,0,0,0,1,0,0,0,1,0,0,0,0,0,0,0,0,0,0,0,0,0,0,0,0,0,0,0,0,0,0,0,0,0,0,0,0,0,0,0,0,0,0,0,0,1,0,0,0,0,0,0,0,0,0,0,0,0,0,0,0,0,0,0,0,0,0,0,0,0,0,0,0,2.809364548,1.938466174,175.9866221,15.55183946,1586.989967,23.815,28.7,7.87,91.65,3,0.278753601,28,6
Pristine,Outer,CLY,CLY2,119,945,38,0,0,1,0,0,0,0,0,0,0,0,0,0,0,0,0,0,0,0,0,0,0,0,0,0,0,0,0,0,0,0,0,0,0,0,0,4,0,0,0,0,1,0,4,0,0,0,0,0,1,0,0,0,0,0,0,0,0,0,0,0,0,0,0,0,0,0,0,0,0,0,0,0,0,0,0,0,0,0,0,0,0,0,0,0,0,0,6.677740864,1.413528107,85.31561462,14.05315615,540.2990033,20.225,36.245,8.135,103.1,0.25,-0.124938737,11,5
Pristine,Outer,CLY,CLY2,119,950,28,0,0,10,0,0,0,0,0,0,0,0,0,0,0,0,0,0,0,0,0,0,0,0,0,0,0,0,0,0,0,0,0,0,0,0,0,0,0,0,0,0,0,0,11,0,0,0,0,0,0,0,0,0,0,0,0,0,0,0,0,0,0,0,0,0,0,0,0,0,0,0,0,0,0,0,0,0,0,0,0,0,0,0,0,0,0,0,6.677740864,1.413528107,85.31561462,14.05315615,540.2990033,20.225,36.245,8.135,103.1,0.25,-0.124938737,21,2
Pristine,Outer,CLY,CLY6,120,952,11,0,24,1,0,0,1,0,0,0,0,0,0,0,0,5,0,0,0,0,0,0,0,0,0,0,0,0,0,0,0,0,0,0,0,0,0,0,0,0,0,0,0,0,0,0,0,0,0,0,0,0,0,0,0,0,0,0,0,0,3,0,0,0,0,0,0,0,0,0,0,0,0,0,0,0,0,0,0,0,0,0,0,0,0,0,0,0,NA,NA,NA,NA,NA,21.2,36.295,8.17,107.9,1.2,0.389166084,34,5
Pristine,Outer,CLY,CLY6,120,956,11,0,20,1,0,0,2,0,0,0,0,0,0,0,0,2,0,0,0,0,0,0,0,0,0,0,0,0,0,0,0,0,0,0,0,0,0,0,0,0,0,0,0,0,1,0,0,0,0,0,0,0,0,0,0,0,0,0,0,0,2,0,0,0,0,0,0,0,0,0,0,0,0,0,0,0,0,0,0,0,2,0,0,0,0,0,0,0,NA,NA,NA,NA,NA,21.2,36.295,8.17,107.9,1.2,0.389166084,30,7
Pristine,Outer,CLY,CLY8,121,962,2,1,42,1,0,0,0,0,0,0,0,0,0,0,0,0,0,0,0,0,0,0,0,0,0,0,0,0,0,0,0,0,0,0,0,0,0,0,0,0,0,0,0,0,0,0,0,0,0,0,0,0,0,0,0,1,0,0,0,0,0,0,0,0,0,0,0,0,0,0,0,0,0,0,0,0,0,0,0,0,1,0,0,0,0,0,0,0,11.33333333,1.569875308,118.4761905,21.52380952,660.3809524,20.965,36.255,8.16,107.75,1.5,0.40654018,46,5
Pristine,Outer,CLY,CLY8,121,966,3,0,33,0,0,0,6,0,0,0,0,0,0,0,0,1,0,0,0,0,0,0,0,0,0,0,0,0,0,0,0,0,0,0,0,0,0,0,0,0,0,0,0,0,0,0,0,0,0,0,0,0,0,0,0,1,0,0,0,0,1,0,0,0,0,0,0,0,0,0,0,0,0,0,0,0,0,0,0,0,0,0,0,0,1,0,0,0,11.33333333,1.569875308,118.4761905,21.52380952,660.3809524,20.965,36.255,8.16,107.75,1.5,0.40654018,43,6
Pristine,Outer,CLY,CLY4,122,968,29,9,0,0,1,0,0,1,0,0,0,0,0,0,0,0,0,0,0,0,0,0,0,0,0,0,0,0,0,0,0,0,0,0,0,0,0,2,0,0,0,0,0,0,2,0,0,0,0,0,0,0,0,0,0,3,1,0,0,0,0,0,0,0,0,0,0,0,0,0,0,0,0,0,0,0,0,0,0,0,1,0,0,0,0,0,0,0,NA,NA,NA,NA,NA,20.19,36.165,8.12,98.15,0.5,0.736396502,20,8
Pristine,Outer,CLY,CLY4,122,975,26,6,1,0,0,0,6,1,0,0,0,0,0,0,0,0,0,0,0,0,0,0,0,0,0,0,0,0,0,0,0,0,0,0,0,0,0,0,0,0,0,0,0,0,4,0,0,0,0,0,0,0,0,0,0,3,0,0,0,0,0,0,0,0,0,0,0,0,0,0,0,0,0,0,0,0,0,0,0,0,1,0,0,0,0,0,0,0,NA,NA,NA,NA,NA,20.19,36.165,8.12,98.15,0.5,0.736396502,22,7
Pristine,Inner,CLY,CLY16,124,984,5,0,34,0,0,0,2,0,0,0,0,0,0,0,0,0,0,0,0,0,1,0,0,0,0,0,0,0,0,0,0,0,0,0,0,0,0,0,0,0,0,0,0,0,0,0,0,0,0,0,0,0,0,0,0,0,0,0,0,0,1,0,1,0,0,0,0,0,0,0,0,0,0,0,0,0,0,0,0,0,1,0,0,0,0,0,0,0,1.10367893,1.93544323,148.6956522,10.63545151,1374.983278,23.705,28.95,7.87,86,8.1,0.40654018,40,6
Pristine,Inner,CLY,CLY16,124,989,15,0,20,0,0,0,2,0,0,0,0,0,0,0,0,0,0,0,0,0,0,0,0,0,0,0,0,0,0,0,0,0,0,0,0,0,0,0,0,0,0,0,0,0,0,0,0,0,0,0,0,0,0,0,0,0,0,0,0,0,0,0,0,0,0,0,0,0,0,0,0,0,0,0,0,0,0,0,0,0,2,0,0,0,0,0,0,0,1.10367893,1.93544323,148.6956522,10.63545151,1374.983278,23.705,28.95,7.87,86,8.1,0.40654018,24,3
Pristine,Inner,CLY,CLY12,125,995,28,0,7,0,0,0,0,0,0,0,0,0,0,0,0,0,0,0,0,0,8,0,0,0,0,0,0,0,0,0,0,0,0,0,0,0,0,0,0,0,0,0,0,0,0,0,0,0,0,0,0,0,0,0,0,0,0,0,0,0,0,0,2,0,0,0,0,0,0,0,0,0,0,0,0,0,0,0,0,0,2,0,0,0,0,0,0,0,4.515050167,1.751186382,120.90301,9.632107023,1046.187291,23.66,28.96,7.875,95.2,3.1,0.255272505,19,4
Pristine,Inner,CLY,CLY12,125,996,12,0,20,0,0,0,0,0,0,0,1,0,0,0,0,0,0,0,0,0,7,0,1,0,0,0,0,0,0,0,0,0,0,0,0,0,0,0,0,0,0,0,0,0,0,0,0,0,0,0,0,0,0,0,0,0,0,0,0,0,0,0,2,0,0,0,0,0,0,0,0,0,0,0,0,0,0,0,0,0,2,0,0,0,0,0,0,0,4.515050167,1.751186382,120.90301,9.632107023,1046.187291,23.66,28.96,7.875,95.2,3.1,0.255272505,33,6
Pristine,Outer,CLY,CLY9,129,1025,39,0,0,0,0,0,0,0,0,0,0,0,0,0,0,0,0,0,0,0,0,0,0,0,0,0,0,0,0,0,0,0,0,0,0,0,0,0,0,0,0,0,0,0,9,0,0,0,0,0,0,0,0,0,0,0,0,0,0,0,0,0,0,0,0,0,0,0,0,0,0,0,0,0,0,0,0,0,0,0,0,0,0,0,0,0,0,0,NA,NA,NA,NA,NA,20.52142857,36.255,8.157857143,108.0214286,0.742857143,0.533299861,9,1
Pristine,Outer,CLY,CLY9,129,1029,26,0,0,3,0,0,0,0,0,0,0,0,0,0,0,2,0,0,0,0,0,0,0,0,0,0,0,0,0,0,0,0,0,0,0,0,0,2,0,1,0,0,0,0,15,0,0,0,0,0,0,0,0,0,0,0,0,0,0,0,0,0,0,0,0,0,0,0,0,0,0,0,0,0,0,0,0,0,0,0,0,0,0,0,0,0,0,0,NA,NA,NA,NA,NA,20.52142857,36.255,8.157857143,108.0214286,0.742857143,0.533299861,23,5
